Customer ID,Campaign,Ad Group,Ad Type,Headline 1,Headline 2,Headline 3,Headline 4,Headline 5,Headline 6,Headline 7,Headline 8,Headline 9,Headline 10,Headline 11,Headline 12,Headline 13,Headline 14,Headline 15,Description 1,Description 2,Description 3,Description 4,Final URL,Path 1,Path 2,Status
XXX-XXX-XXXX,Search_Entretien_Nonancourt,Demoussage,Responsive search ad,Démoussage de Toiture,Toit Vert ? On le Nettoie,Démoussage à Nonancourt,Couvreur Ouvert 7 j/7,Devis Gratuit et Rapide,Traitement Anti-Mousse,Nettoyage Haute Pression,14 Ans d'Expérience,Toit Propre pour 5 Ans,Entreprise Familiale,Gouttières Purgées Aussi,Photos Avant et Après,Ouvert 8 h à 21 h,Devis Fait sur Place,Chantier Laissé Net,"La mousse retient l'eau, gèle en hiver et fait éclater la tuile. Un passage suffit.","Nettoyage haute pression dosé au matériau, puis traitement anti-mousse. Devis gratuit.","Entreprise familiale de Nonancourt, 14 ans de métier. Ouverte 7 j/7 de 8 h à 21 h.","Gouttières purgées dans la foulée. Chantier laissé net, photos avant et après.",https://www.wm-couverture.fr/demoussage-toiture/,demoussage,toiture,Enabled
XXX-XXX-XXXX,Search_Entretien_Nonancourt,Nettoyage-Toiture,Responsive search ad,Nettoyage de Toiture,Redonnez-lui son Aspect,Nettoyage Toiture 27 et 28,Haute Pression Maîtrisée,Sans Abîmer la Tuile,Devis Gratuit sous 48 h,Couvreur à Nonancourt,"Ouvert 7 j/7, 8 h-21 h",Traitement Longue Durée,14 Ans sur les Toits,Anti-Mousse Inclus,Entreprise Familiale,Toit Comme Neuf,Devis Fait sur Place,Photos Avant et Après,Pression réglée selon le matériau : on retire la mousse sans décaper l'engobe.,Traitement anti-mousse professionnel après le nettoyage. Effet prolongé.,Couvreur installé à Nonancourt. Déplacement et devis gratuits dans tout le secteur.,Nous purgeons aussi les gouttières et nous nettoyons les abords avant de partir.,https://www.wm-couverture.fr/demoussage-toiture/,nettoyage,toiture,Enabled
XXX-XXX-XXXX,Search_Entretien_Nonancourt,Gouttieres,Responsive search ad,Gouttières et Zinguerie,Gouttière Bouchée ?,Pose et Réparation,Nettoyage de Chéneaux,Zingueur à Nonancourt,Devis Gratuit,Gouttière Zinc ou Alu,Ouvert 7 j/7,Couvreur Zingueur,Purge et Remise en Pente,14 Ans d'Expérience,Solins et Rives Aussi,Intervention Rapide,Entreprise Familiale,Chantier Laissé Net,Une gouttière bouchée déborde vers l'arrière et abîme le mur. On purge et on répare.,"Pose, remplacement, ressoudure du zinc, remise en pente des chéneaux. Devis gratuit.","Solins de cheminée, faîtages, habillage de rives : toute la zinguerie du toit.","Entreprise familiale de Nonancourt, ouverte 7 j/7 de 8 h à 21 h.",https://www.wm-couverture.fr/zinguerie-gouttieres/,gouttieres,zinguerie,Enabled
XXX-XXX-XXXX,Search_Urgence_Nonancourt,Fuite,Responsive search ad,Fuite de Toiture ?,Réparation Fuite Toit,Recherche de Fuite,On Trouve d'où Ça Vient,Intervention Rapide,"Couvreur 7 j/7, 8 h-21 h",Fuite Trouvée et Réparée,Mise Hors d'Eau,Dépannage 24 h/24,Couvreur à Nonancourt,Devis Gratuit,14 Ans d'Expérience,Bâchage en Urgence,Photos pour l'Assurance,Entreprise Familiale,"Une toiture qui prend l'eau n'attend pas. On met hors d'eau, on répare ensuite.","La fuite vient rarement d'où on croit. On cherche sur le toit, pas depuis le salon.","Joignables 7 j/7 de 8 h à 21 h, astreinte la nuit. Un appel suffit pour être fixé.",Photos et constat écrit fournis pour votre déclaration d'assurance.,https://www.wm-couverture.fr/depannage-toiture/,fuite,toiture,Enabled
XXX-XXX-XXXX,Search_Urgence_Nonancourt,Depannage,Responsive search ad,Dépannage Toiture 24h/24,Couvreur en Urgence,Intervention Rapide,Couvreur Nonancourt,Bâchage d'Urgence,Tuile Cassée ? On Vient,Sur Place le Jour Même,Ouvert 7 j/7,Mise Hors d'Eau Rapide,Devis Gratuit,14 Ans d'Expérience,Entreprise Familiale,Astreinte de Nuit,On Annonce une Heure,Réparation Définitive,"Dépannage 24 h/24 autour de Nonancourt. On protège d'abord, on répare ensuite.",On vous donne un ordre de prix au téléphone avant de se déplacer. Pas de surprise.,"Tuile cassée, faîtage descellé, bâche à poser : on intervient le jour même.","Entreprise familiale, 14 ans de métier. On annonce une heure et on la tient.",https://www.wm-couverture.fr/depannage-toiture/,depannage,urgence,Enabled
XXX-XXX-XXXX,Search_Urgence_Nonancourt,Tempete,Responsive search ad,Tuiles Arrachées ?,Dégâts de Tempête,Toiture Après Tempête,Bâchage en Urgence,Couvreur 7 j/7,Constat pour l’Expert,Intervention Rapide,Photos pour l'Assurance,Devis Gratuit,Faîtage Descellé ?,Couvreur à Nonancourt,14 Ans d'Expérience,Mise Hors d'Eau,Entreprise Familiale,On Vient Constater,"Tuiles au sol, faîtage descellé : on sécurise et on met hors d'eau sans attendre.",Photos datées et constat écrit pour votre assurance. Déclarez sous 5 jours ouvrés.,Un devis détaillé de couvreur pèse lourd face à l'expert. On vous le fournit.,"Joignables 7 j/7 de 8 h à 21 h, astreinte la nuit en cas d'urgence.",https://www.wm-couverture.fr/depannage-toiture/,tempete,toiture,Enabled
XXX-XXX-XXXX,Search_Marque,Marque,Responsive search ad,WM Couverture,WM Couverture Nonancourt,Couvreur à Nonancourt,Site Officiel,Entreprise Familiale,14 Ans d'Expérience,"Nonancourt, dans l’Eure",Devis Gratuit,"Ouvert 7 j/7, 8 h-21 h",De Père en Fils,"Toiture, Zinguerie",Démoussage et Urgence,Dépannage 24 h/24,Nos Chantiers en Photos,Route de Saint-Remy,"Entreprise familiale de couverture à Nonancourt, de père en fils depuis 14 ans.","Toiture, charpente, zinguerie, démoussage, dépannage. Devis gratuit.","Ouverts 7 j/7 de 8 h à 21 h, avec une astreinte de nuit pour les urgences.",Route de Saint-Remy à Nonancourt. Nous intervenons dans l'Eure et le Drouais.,https://www.wm-couverture.fr/,wm,couverture,Enabled
XXX-XXX-XXXX,Search_Refection_Nonancourt,Renovation-Toiture,Responsive search ad,Rénovation de Toiture,Refaire Votre Toiture,Couvreur à Nonancourt,Devis Gratuit et Détaillé,Charpente et Couverture,"Tuile, Ardoise ou Acier",14 Ans d'Expérience,Un Toit pour 40 Ans,Paiement en Plusieurs Fois,Entreprise Familiale,Écran de Sous-Toiture,Devis Chiffré Ligne à Ligne,On Monte Voir le Toit,Ouvert 7 j/7,Chantier Laissé Net,"Dépose, charpente contrôlée, écran de sous-toiture et couverture neuve.","Devis détaillé ligne par ligne, avec la surface de rampant. Aucun poste flou.","Entreprise familiale de Nonancourt, 14 ans de métier. Paiement en plusieurs fois.",On monte voir le toit avant de chiffrer. C'est la seule façon d'être juste.,https://www.wm-couverture.fr/renovation-toiture/,renovation,toiture,Enabled
XXX-XXX-XXXX,Search_Refection_Nonancourt,Devis-Couvreur,Responsive search ad,Devis Couvreur Gratuit,Couvreur à Nonancourt,Devis Sous 48 h,"Toiture, Charpente, Zinc",Réponse le Jour Même,14 Ans d'Expérience,Entreprise Familiale,"Ouvert 7 j/7, 8 h-21 h",Devis Détaillé,On Se Déplace Gratuitement,Paiement en Plusieurs Fois,Eure et Drouais,Chantier Laissé Net,Dépannage 24 h/24,Devis Sans Engagement,"Déplacement et chiffrage gratuits, sans engagement. Réponse le jour même.","Toiture, charpente, zinguerie, isolation, démoussage. Un seul interlocuteur.",Entreprise familiale de Nonancourt. Vous parlez à celui qui monte sur le toit.,"Devis détaillé ligne par ligne, avec la surface de rampant et l'échafaudage.",https://www.wm-couverture.fr/renovation-toiture/,devis,couvreur,Enabled
