Customer ID,Campaign,Ad Group,Max CPC,Status
XXX-XXX-XXXX,Search_Entretien_Nonancourt,Demoussage,2.20,Enabled
XXX-XXX-XXXX,Search_Entretien_Nonancourt,Nettoyage-Toiture,2.20,Enabled
XXX-XXX-XXXX,Search_Entretien_Nonancourt,Gouttieres,2.20,Enabled
XXX-XXX-XXXX,Search_Urgence_Nonancourt,Fuite,3.20,Enabled
XXX-XXX-XXXX,Search_Urgence_Nonancourt,Depannage,3.20,Enabled
XXX-XXX-XXXX,Search_Urgence_Nonancourt,Tempete,3.20,Enabled
XXX-XXX-XXXX,Search_Refection_Nonancourt,Renovation-Toiture,4.50,Enabled
XXX-XXX-XXXX,Search_Refection_Nonancourt,Devis-Couvreur,4.50,Enabled
XXX-XXX-XXXX,Search_Marque,Marque,0.40,Enabled
